[{"model": "admin.logentry", "pk": 1, "fields": {"action_time": "2025-09-13T13:23:50.412Z", "user": 1, "content_type": 9, "object_id": "2", "object_repr": "id: 2, username: swashto, email: swashto@gmail.com", "action_flag": 3, "change_message": ""}}, {"model": "admin.logentry", "pk": 2, "fields": {"action_time": "2025-09-13T14:23:29.532Z", "user": 1, "content_type": 9, "object_id": "3", "object_repr": "id: 3, username: swashto, email: swashto@gmail.com", "action_flag": 3, "change_message": ""}}, {"model": "admin.logentry", "pk": 3, "fields": {"action_time": "2025-09-14T16:03:46.552Z", "user": 1, "content_type": 9, "object_id": "4", "object_repr": "id: 4, username: swashto, email: swashto@gmail.com", "action_flag": 3, "change_message": ""}}, {"model": "admin.logentry", "pk": 4, "fields": {"action_time": "2025-09-15T00:41:43.346Z", "user": 7, "content_type": 10, "object_id": "19", "object_repr": "Jiří Procházka vs Aleksandar Rakić", "action_flag": 3, "change_message": ""}}, {"model": "admin.logentry", "pk": 5, "fields": {"action_time": "2025-09-15T00:41:43.346Z", "user": 7, "content_type": 10, "object_id": "18", "object_repr": "Bo Nickal vs Cody Brundage", "action_flag": 3, "change_message": ""}}, {"model": "admin.logentry", "pk": 6, "fields": {"action_time": "2025-09-15T00:41:43.346Z", "user": 7, "content_type": 10, "object_id": "17", "object_repr": "Charles Oliveira vs Arman Tsarukyan", "action_flag": 3, "change_message": ""}}, {"model": "admin.logentry", "pk": 7, "fields": {"action_time": "2025-09-15T00:41:43.346Z", "user": 7, "content_type": 10, "object_id": "16", "object_repr": "Max Holloway vs Justin Gaethje", "action_flag": 3, "change_message": ""}}, {"model": "admin.logentry", "pk": 8, "fields": {"action_time": "2025-09-15T00:41:43.346Z", "user": 7, "content_type": 10, "object_id": "15", "object_repr": "Zhang Weili vs Yan Xiaonan", "action_flag": 3, "change_message": ""}}, {"model": "admin.logentry", "pk": 9, "fields": {"action_time": "2025-09-15T00:41:43.346Z", "user": 7, "content_type": 10, "object_id": "14", "object_repr": "Jamahal Hill vs Alex Pereira", "action_flag": 3, "change_message": ""}}, {"model": "admin.logentry", "pk": 10, "fields": {"action_time": "2025-09-15T00:41:43.346Z", "user": 7, "content_type": 10, "object_id": "13", "object_repr": "Deiveson Figueiredo vs Cody Garbrandt", "action_flag": 3, "change_message": ""}}, {"model": "admin.logentry", "pk": 11, "fields": {"action_time": "2025-09-15T00:41:43.346Z", "user": 7, "content_type": 10, "object_id": "12", "object_repr": "Bobby Green vs Jim Miller", "action_flag": 3, "change_message": ""}}, {"model": "admin.logentry", "pk": 12, "fields": {"action_time": "2025-09-15T00:41:43.346Z", "user": 7, "content_type": 10, "object_id": "11", "object_repr": "Jessica Andrade vs Marina Rodriguez", "action_flag": 3, "change_message": ""}}, {"model": "admin.logentry", "pk": 13, "fields": {"action_time": "2025-09-15T00:41:43.346Z", "user": 7, "content_type": 10, "object_id": "10", "object_repr": "Jalin Turner vs Renato Carneiro", "action_flag": 3, "change_message": ""}}, {"model": "admin.logentry", "pk": 14, "fields": {"action_time": "2025-09-15T00:41:43.346Z", "user": 7, "content_type": 10, "object_id": "9", "object_repr": "Diego Lopes vs Sodiq Yusuff", "action_flag": 3, "change_message": ""}}, {"model": "admin.logentry", "pk": 15, "fields": {"action_time": "2025-09-15T00:41:43.346Z", "user": 7, "content_type": 10, "object_id": "8", "object_repr": "Kayla Harrison vs Holly Holm", "action_flag": 3, "change_message": ""}}, {"model": "admin.logentry", "pk": 16, "fields": {"action_time": "2025-09-15T00:41:43.346Z", "user": 7, "content_type": 10, "object_id": "7", "object_repr": "Aljamain Sterling vs Calvin Kattar", "action_flag": 3, "change_message": ""}}, {"model": "admin.logentry", "pk": 17, "fields": {"action_time": "2025-09-15T00:41:43.346Z", "user": 7, "content_type": 10, "object_id": "6", "object_repr": "Jiří Procházka vs Aleksandar Rakić", "action_flag": 3, "change_message": ""}}, {"model": "admin.logentry", "pk": 18, "fields": {"action_time": "2025-09-15T00:41:43.346Z", "user": 7, "content_type": 10, "object_id": "5", "object_repr": "Bo Nickal vs Cody Brundage", "action_flag": 3, "change_message": ""}}, {"model": "admin.logentry", "pk": 19, "fields": {"action_time": "2025-09-15T00:41:43.346Z", "user": 7, "content_type": 10, "object_id": "4", "object_repr": "Charles Oliveira vs Arman Tsarukyan", "action_flag": 3, "change_message": ""}}, {"model": "admin.logentry", "pk": 20, "fields": {"action_time": "2025-09-15T00:41:43.346Z", "user": 7, "content_type": 10, "object_id": "3", "object_repr": "Max Holloway vs Justin Gaethje", "action_flag": 3, "change_message": ""}}, {"model": "admin.logentry", "pk": 21, "fields": {"action_time": "2025-09-15T00:41:43.346Z", "user": 7, "content_type": 10, "object_id": "2", "object_repr": "Zhang Weili vs Yan Xiaonan", "action_flag": 3, "change_message": ""}}, {"model": "admin.logentry", "pk": 22, "fields": {"action_time": "2025-09-15T00:41:43.346Z", "user": 7, "content_type": 10, "object_id": "1", "object_repr": "Jamahal Hill vs Alex Pereira", "action_flag": 3, "change_message": ""}}, {"model": "admin.logentry", "pk": 23, "fields": {"action_time": "2025-10-15T20:09:18.784Z", "user": 7, "content_type": 12, "object_id": "5", "object_repr": "Prediction object (5)", "action_flag": 2, "change_message": "[{\"changed\": {\"fields\": [\"Date\"]}}]"}}, {"model": "admin.logentry", "pk": 24, "fields": {"action_time": "2025-10-15T20:10:15.137Z", "user": 7, "content_type": 12, "object_id": "4", "object_repr": "Prediction object (4)", "action_flag": 2, "change_message": "[{\"changed\": {\"fields\": [\"Date\"]}}]"}}, {"model": "admin.logentry", "pk": 25, "fields": {"action_time": "2025-11-01T21:59:10.710Z", "user": 7, "content_type": 9, "object_id": "8", "object_repr": "id: 8, username: stevie, email: stevie@gmail.com", "action_flag": 1, "change_message": "[{\"added\": {}}]"}}, {"model": "admin.logentry", "pk": 26, "fields": {"action_time": "2025-11-01T22:04:04.334Z", "user": 7, "content_type": 9, "object_id": "8", "object_repr": "id: 8, username: stevie, email: stevie@gmail.com", "action_flag": 3, "change_message": ""}}, {"model": "admin.logentry", "pk": 27, "fields": {"action_time": "2025-11-01T22:04:23.074Z", "user": 7, "content_type": 9, "object_id": "9", "object_repr": "id: 9, username: stevie, email: stevie@gmail.com", "action_flag": 1, "change_message": "[{\"added\": {}}]"}}, {"model": "auth.permission", "pk": 1, "fields": {"name": "Can add log entry", "content_type": 1, "codename": "add_logentry"}}, {"model": "auth.permission", "pk": 2, "fields": {"name": "Can change log entry", "content_type": 1, "codename": "change_logentry"}}, {"model": "auth.permission", "pk": 3, "fields": {"name": "Can delete log entry", "content_type": 1, "codename": "delete_logentry"}}, {"model": "auth.permission", "pk": 4, "fields": {"name": "Can view log entry", "content_type": 1, "codename": "view_logentry"}}, {"model": "auth.permission", "pk": 5, "fields": {"name": "Can add permission", "content_type": 2, "codename": "add_permission"}}, {"model": "auth.permission", "pk": 6, "fields": {"name": "Can change permission", "content_type": 2, "codename": "change_permission"}}, {"model": "auth.permission", "pk": 7, "fields": {"name": "Can delete permission", "content_type": 2, "codename": "delete_permission"}}, {"model": "auth.permission", "pk": 8, "fields": {"name": "Can view permission", "content_type": 2, "codename": "view_permission"}}, {"model": "auth.permission", "pk": 9, "fields": {"name": "Can add group", "content_type": 3, "codename": "add_group"}}, {"model": "auth.permission", "pk": 10, "fields": {"name": "Can change group", "content_type": 3, "codename": "change_group"}}, {"model": "auth.permission", "pk": 11, "fields": {"name": "Can delete group", "content_type": 3, "codename": "delete_group"}}, {"model": "auth.permission", "pk": 12, "fields": {"name": "Can view group", "content_type": 3, "codename": "view_group"}}, {"model": "auth.permission", "pk": 13, "fields": {"name": "Can add content type", "content_type": 4, "codename": "add_contenttype"}}, {"model": "auth.permission", "pk": 14, "fields": {"name": "Can change content type", "content_type": 4, "codename": "change_contenttype"}}, {"model": "auth.permission", "pk": 15, "fields": {"name": "Can delete content type", "content_type": 4, "codename": "delete_contenttype"}}, {"model": "auth.permission", "pk": 16, "fields": {"name": "Can view content type", "content_type": 4, "codename": "view_contenttype"}}, {"model": "auth.permission", "pk": 17, "fields": {"name": "Can add session", "content_type": 5, "codename": "add_session"}}, {"model": "auth.permission", "pk": 18, "fields": {"name": "Can change session", "content_type": 5, "codename": "change_session"}}, {"model": "auth.permission", "pk": 19, "fields": {"name": "Can delete session", "content_type": 5, "codename": "delete_session"}}, {"model": "auth.permission", "pk": 20, "fields": {"name": "Can view session", "content_type": 5, "codename": "view_session"}}, {"model": "auth.permission", "pk": 21, "fields": {"name": "Can add event", "content_type": 6, "codename": "add_event"}}, {"model": "auth.permission", "pk": 22, "fields": {"name": "Can change event", "content_type": 6, "codename": "change_event"}}, {"model": "auth.permission", "pk": 23, "fields": {"name": "Can delete event", "content_type": 6, "codename": "delete_event"}}, {"model": "auth.permission", "pk": 24, "fields": {"name": "Can view event", "content_type": 6, "codename": "view_event"}}, {"model": "auth.permission", "pk": 25, "fields": {"name": "Can add fighter", "content_type": 7, "codename": "add_fighter"}}, {"model": "auth.permission", "pk": 26, "fields": {"name": "Can change fighter", "content_type": 7, "codename": "change_fighter"}}, {"model": "auth.permission", "pk": 27, "fields": {"name": "Can delete fighter", "content_type": 7, "codename": "delete_fighter"}}, {"model": "auth.permission", "pk": 28, "fields": {"name": "Can view fighter", "content_type": 7, "codename": "view_fighter"}}, {"model": "auth.permission", "pk": 29, "fields": {"name": "Can add promotion", "content_type": 8, "codename": "add_promotion"}}, {"model": "auth.permission", "pk": 30, "fields": {"name": "Can change promotion", "content_type": 8, "codename": "change_promotion"}}, {"model": "auth.permission", "pk": 31, "fields": {"name": "Can delete promotion", "content_type": 8, "codename": "delete_promotion"}}, {"model": "auth.permission", "pk": 32, "fields": {"name": "Can view promotion", "content_type": 8, "codename": "view_promotion"}}, {"model": "auth.permission", "pk": 33, "fields": {"name": "Can add user", "content_type": 9, "codename": "add_user"}}, {"model": "auth.permission", "pk": 34, "fields": {"name": "Can change user", "content_type": 9, "codename": "change_user"}}, {"model": "auth.permission", "pk": 35, "fields": {"name": "Can delete user", "content_type": 9, "codename": "delete_user"}}, {"model": "auth.permission", "pk": 36, "fields": {"name": "Can view user", "content_type": 9, "codename": "view_user"}}, {"model": "auth.permission", "pk": 37, "fields": {"name": "Can add fight", "content_type": 10, "codename": "add_fight"}}, {"model": "auth.permission", "pk": 38, "fields": {"name": "Can change fight", "content_type": 10, "codename": "change_fight"}}, {"model": "auth.permission", "pk": 39, "fields": {"name": "Can delete fight", "content_type": 10, "codename": "delete_fight"}}, {"model": "auth.permission", "pk": 40, "fields": {"name": "Can view fight", "content_type": 10, "codename": "view_fight"}}, {"model": "auth.permission", "pk": 41, "fields": {"name": "Can add odds", "content_type": 11, "codename": "add_odds"}}, {"model": "auth.permission", "pk": 42, "fields": {"name": "Can change odds", "content_type": 11, "codename": "change_odds"}}, {"model": "auth.permission", "pk": 43, "fields": {"name": "Can delete odds", "content_type": 11, "codename": "delete_odds"}}, {"model": "auth.permission", "pk": 44, "fields": {"name": "Can view odds", "content_type": 11, "codename": "view_odds"}}, {"model": "auth.permission", "pk": 45, "fields": {"name": "Can add prediction", "content_type": 12, "codename": "add_prediction"}}, {"model": "auth.permission", "pk": 46, "fields": {"name": "Can change prediction", "content_type": 12, "codename": "change_prediction"}}, {"model": "auth.permission", "pk": 47, "fields": {"name": "Can delete prediction", "content_type": 12, "codename": "delete_prediction"}}, {"model": "auth.permission", "pk": 48, "fields": {"name": "Can view prediction", "content_type": 12, "codename": "view_prediction"}}, {"model": "contenttypes.contenttype", "pk": 1, "fields": {"app_label": "admin", "model": "logentry"}}, {"model": "contenttypes.contenttype", "pk": 2, "fields": {"app_label": "auth", "model": "permission"}}, {"model": "contenttypes.contenttype", "pk": 3, "fields": {"app_label": "auth", "model": "group"}}, {"model": "contenttypes.contenttype", "pk": 4, "fields": {"app_label": "contenttypes", "model": "contenttype"}}, {"model": "contenttypes.contenttype", "pk": 5, "fields": {"app_label": "sessions", "model": "session"}}, {"model": "contenttypes.contenttype", "pk": 6, "fields": {"app_label": "api", "model": "event"}}, {"model": "contenttypes.contenttype", "pk": 7, "fields": {"app_label": "api", "model": "fighter"}}, {"model": "contenttypes.contenttype", "pk": 8, "fields": {"app_label": "api", "model": "promotion"}}, {"model": "contenttypes.contenttype", "pk": 9, "fields": {"app_label": "api", "model": "user"}}, {"model": "contenttypes.contenttype", "pk": 10, "fields": {"app_label": "api", "model": "fight"}}, {"model": "contenttypes.contenttype", "pk": 11, "fields": {"app_label": "api", "model": "odds"}}, {"model": "contenttypes.contenttype", "pk": 12, "fields": {"app_label": "api", "model": "prediction"}}, {"model": "sessions.session", "pk": "0sbmlosv54yqg9ig57i0rejttwds42u1", "fields": {"session_data": ".eJxVjMEOwiAQBf-FsyFAAcGj934DWZZFqgaS0p6M_64kPej1zbx5sQD7VsLeaQ1LYhd2ZqffLQI-qA6Q7lBvjWOr27pEPhR-0M7nluh5Pdy_QIFexttlgyYlY5Rw5KyfaIrRQv4mhNZSS0DI6PTk0cnkyVillI-aUEgnBHt_APwDN_8:1v97na:uNundX0rp8g06dInAu8JBhsKzYKuXZhRqY1YlQuD5QY", "expire_date": "2025-10-29T20:08:38.939Z"}}, {"model": "sessions.session", "pk": "4epaps5lvfr5ga9tqjmuj14zrq73xlja", "fields": {"session_data": ".eJxVjMEOwiAQBf-FsyFAAcGj934DWZZFqgaS0p6M_64kPej1zbx5sQD7VsLeaQ1LYhd2ZqffLQI-qA6Q7lBvjWOr27pEPhR-0M7nluh5Pdy_QIFexttlgyYlY5Rw5KyfaIrRQv4mhNZSS0DI6PTk0cnkyVillI-aUEgnBHt_APwDN_8:1vFJAX:rrE7teoWO4_yBPZO2l9W5JozojBy8zJFkcAHQAnGYL8", "expire_date": "2025-11-15T21:29:53.430Z"}}, {"model": "sessions.session", "pk": "uvok40a2y1wxg7kqrn74w0xwbpv1g3au", "fields": {"session_data": ".eJxVjMEOwiAQBf-FsyFAAcGj934DWZZFqgaS0p6M_64kPej1zbx5sQD7VsLeaQ1LYhd2ZqffLQI-qA6Q7lBvjWOr27pEPhR-0M7nluh5Pdy_QIFexttlgyYlY5Rw5KyfaIrRQv4mhNZSS0DI6PTk0cnkyVillI-aUEgnBHt_APwDN_8:1uxvGT:LY34Xs6KM22Jmlhzcv0d2l5INHi5X909WusN0pA8hVM", "expire_date": "2025-09-28T22:32:09.720Z"}}, {"model": "api.fighter", "pk": 1, "fields": {"fname": "Alex", "sname": "Pereira", "nickname": "Poatan", "promotion": 1, "weight_class": "Light Heavyweight", "dob": "1987-07-07", "wins": 12, "losses": 3, "draws": 0, "no_contests": 0, "dqs": 0}}, {"model": "api.fighter", "pk": 2, "fields": {"fname": "Jamahal", "sname": "Hill", "nickname": "Sweet Dreams", "promotion": 1, "weight_class": "Light Heavyweight", "dob": "1991-05-19", "wins": 12, "losses": 4, "draws": 0, "no_contests": 0, "dqs": 0}}, {"model": "api.fighter", "pk": 3, "fields": {"fname": "Zhang", "sname": "Weili", "nickname": "Magnum", "promotion": 1, "weight_class": "Strawweight", "dob": "1989-08-13", "wins": 25, "losses": 3, "draws": 0, "no_contests": 0, "dqs": 0}}, {"model": "api.fighter", "pk": 4, "fields": {"fname": "Yan", "sname": "Xiaonan", "nickname": "Nine", "promotion": 1, "weight_class": "Strawweight", "dob": "1989-12-16", "wins": 17, "losses": 3, "draws": 0, "no_contests": 0, "dqs": 0}}, {"model": "api.fighter", "pk": 5, "fields": {"fname": "Justin", "sname": "Gaethje", "nickname": "The Highlight", "promotion": 1, "weight_class": "Lightweight", "dob": "1988-11-14", "wins": 26, "losses": 4, "draws": 0, "no_contests": 0, "dqs": 0}}, {"model": "api.fighter", "pk": 6, "fields": {"fname": "Max", "sname": "Holloway", "nickname": "Blessed", "promotion": 1, "weight_class": "Featherweight", "dob": "1991-12-04", "wins": 27, "losses": 8, "draws": 0, "no_contests": 0, "dqs": 0}}, {"model": "api.fighter", "pk": 7, "fields": {"fname": "Charles", "sname": "Oliveira", "nickname": "do Bronx", "promotion": 1, "weight_class": "Lightweight", "dob": "1989-10-17", "wins": 34, "losses": 10, "draws": 0, "no_contests": 1, "dqs": 0}}, {"model": "api.fighter", "pk": 8, "fields": {"fname": "Arman", "sname": "Tsarukyan", "nickname": "Ahalkalakets", "promotion": 1, "weight_class": "Lightweight", "dob": "1996-10-11", "wins": 22, "losses": 3, "draws": 0, "no_contests": 0, "dqs": 0}}, {"model": "api.fighter", "pk": 9, "fields": {"fname": "Bo", "sname": "Nickal", "nickname": null, "promotion": 1, "weight_class": "Middleweight", "dob": "1996-01-14", "wins": 6, "losses": 1, "draws": 0, "no_contests": 0, "dqs": 0}}, {"model": "api.fighter", "pk": 10, "fields": {"fname": "Cody", "sname": "Brundage", "nickname": null, "promotion": 1, "weight_class": "Middleweight", "dob": "1994-01-06", "wins": 11, "losses": 7, "draws": 1, "no_contests": 0, "dqs": 0}}, {"model": "api.fighter", "pk": 11, "fields": {"fname": "Jiří", "sname": "Procházka", "nickname": "BJP", "promotion": 1, "weight_class": "Light Heavyweight", "dob": "1992-10-14", "wins": 31, "losses": 5, "draws": 1, "no_contests": 0, "dqs": 0}}, {"model": "api.fighter", "pk": 12, "fields": {"fname": "Aleksandar", "sname": "Rakić", "nickname": "Rocket", "promotion": 1, "weight_class": "Light Heavyweight", "dob": "1992-02-06", "wins": 14, "losses": 6, "draws": 0, "no_contests": 0, "dqs": 0}}, {"model": "api.fighter", "pk": 13, "fields": {"fname": "Calvin", "sname": "Kattar", "nickname": "The Boston Finisher", "promotion": 1, "weight_class": "Featherweight", "dob": "1988-03-26", "wins": 23, "losses": 11, "draws": 0, "no_contests": 0, "dqs": 0}}, {"model": "api.fighter", "pk": 14, "fields": {"fname": "Aljamain", "sname": "Sterling", "nickname": "Funk Master", "promotion": 1, "weight_class": "Bantamweight", "dob": "1989-07-31", "wins": 26, "losses": 5, "draws": 0, "no_contests": 0, "dqs": 0}}, {"model": "api.fighter", "pk": 15, "fields": {"fname": "Holly", "sname": "Holm", "nickname": "The Preacher's Daughter", "promotion": 1, "weight_class": "Bantamweight", "dob": "1981-10-17", "wins": 15, "losses": 8, "draws": 0, "no_contests": 0, "dqs": 0}}, {"model": "api.fighter", "pk": 16, "fields": {"fname": "Kayla", "sname": "Harrison", "nickname": null, "promotion": 1, "weight_class": "Bantamweight", "dob": "1990-05-02", "wins": 16, "losses": 1, "draws": 0, "no_contests": 0, "dqs": 0}}, {"model": "api.fighter", "pk": 17, "fields": {"fname": "Sodiq", "sname": "Yusuff", "nickname": "Super", "promotion": 1, "weight_class": "Featherweight", "dob": "1993-05-19", "wins": 13, "losses": 4, "draws": 0, "no_contests": 0, "dqs": 0}}, {"model": "api.fighter", "pk": 18, "fields": {"fname": "Diego", "sname": "Lopes", "nickname": null, "promotion": 1, "weight_class": "Featherweight", "dob": "1992-04-25", "wins": 24, "losses": 7, "draws": 0, "no_contests": 0, "dqs": 0}}, {"model": "api.fighter", "pk": 19, "fields": {"fname": "Jalin", "sname": "Turner", "nickname": "Tarantula", "promotion": 1, "weight_class": "Lightweight", "dob": "1994-05-03", "wins": 14, "losses": 7, "draws": 0, "no_contests": 0, "dqs": 0}}, {"model": "api.fighter", "pk": 20, "fields": {"fname": "Renato", "sname": "Carneiro", "nickname": "Money Moicano", "promotion": 1, "weight_class": "Lightweight", "dob": "1989-08-21", "wins": 18, "losses": 6, "draws": 0, "no_contests": 0, "dqs": 0}}, {"model": "api.fighter", "pk": 21, "fields": {"fname": "Jessica", "sname": "Andrade", "nickname": "Bate Estaca", "promotion": 1, "weight_class": "Strawweight", "dob": "1991-09-25", "wins": 26, "losses": 13, "draws": 0, "no_contests": 0, "dqs": 0}}, {"model": "api.fighter", "pk": 22, "fields": {"fname": "Marina", "sname": "Rodriguez", "nickname": null, "promotion": 1, "weight_class": "Strawweight", "dob": "1987-07-29", "wins": 18, "losses": 3, "draws": 2, "no_contests": 0, "dqs": 0}}, {"model": "api.fighter", "pk": 23, "fields": {"fname": "Bobby", "sname": "Green", "nickname": "King", "promotion": 1, "weight_class": "Lightweight", "dob": "1986-11-09", "wins": 31, "losses": 17, "draws": 1, "no_contests": 0, "dqs": 0}}, {"model": "api.fighter", "pk": 24, "fields": {"fname": "Jim", "sname": "Miller", "nickname": "A-10", "promotion": 1, "weight_class": "Lightweight", "dob": "1983-08-30", "wins": 37, "losses": 18, "draws": 1, "no_contests": 0, "dqs": 0}}, {"model": "api.fighter", "pk": 25, "fields": {"fname": "Deiveson", "sname": "Figueiredo", "nickname": "Deus da Guerra", "promotion": 1, "weight_class": "Flyweight", "dob": "1987-12-18", "wins": 23, "losses": 4, "draws": 1, "no_contests": 0, "dqs": 0}}, {"model": "api.fighter", "pk": 26, "fields": {"fname": "Cody", "sname": "Garbrandt", "nickname": "No Love", "promotion": 1, "weight_class": "Bantamweight", "dob": "1991-07-07", "wins": 14, "losses": 7, "draws": 0, "no_contests": 0, "dqs": 0}}, {"model": "api.fighter", "pk": 27, "fields": {"fname": "Magomed", "sname": "Ankalaev", "nickname": "", "promotion": 1, "weight_class": "Light Heavyweight", "dob": "1992-06-02", "wins": 21, "losses": 1, "draws": 1, "no_contests": 1, "dqs": 0}}, {"model": "api.fighter", "pk": 28, "fields": {"fname": "Merab", "sname": "Dvalishvili", "nickname": "The Machine", "promotion": 1, "weight_class": "Bantamweight", "dob": "1991-01-10", "wins": 20, "losses": 4, "draws": 0, "no_contests": 0, "dqs": 0}}, {"model": "api.fighter", "pk": 29, "fields": {"fname": "Cory", "sname": "Sandhagen", "nickname": "Sandman", "promotion": 1, "weight_class": "Bantamweight", "dob": "1992-04-20", "wins": 18, "losses": 5, "draws": 0, "no_contests": 0, "dqs": 0}}, {"model": "api.fighter", "pk": 30, "fields": {"fname": "Khalil", "sname": "Rountree Jr.", "nickname": "The War Horse", "promotion": 1, "weight_class": "Light Heavyweight", "dob": "1990-02-26", "wins": 15, "losses": 6, "draws": 0, "no_contests": 1, "dqs": 0}}, {"model": "api.fighter", "pk": 31, "fields": {"fname": "Josh", "sname": "Emmett", "nickname": "CC0", "promotion": 1, "weight_class": "Featherweight", "dob": "1985-03-04", "wins": 19, "losses": 5, "draws": 0, "no_contests": 0, "dqs": 0}}, {"model": "api.fighter", "pk": 32, "fields": {"fname": "Youssef", "sname": "Zalal", "nickname": "The Moroccan Devil", "promotion": 1, "weight_class": "Featherweight", "dob": "1996-09-04", "wins": 17, "losses": 5, "draws": 1, "no_contests": 0, "dqs": 0}}, {"model": "api.fighter", "pk": 33, "fields": {"fname": "Abusupiyan", "sname": "Magomedov", "nickname": "Abus", "promotion": 1, "weight_class": "Middleweight", "dob": "1990-09-02", "wins": 28, "losses": 6, "draws": 1, "no_contests": 0, "dqs": 0}}, {"model": "api.fighter", "pk": 34, "fields": {"fname": "Azamat", "sname": "Murzakanov", "nickname": "The Professional", "promotion": 1, "weight_class": "Light Heavyweight", "dob": "1989-04-12", "wins": 15, "losses": 0, "draws": 0, "no_contests": 0, "dqs": 0}}, {"model": "api.fighter", "pk": 35, "fields": {"fname": "Aleksandar", "sname": "Rakić", "nickname": "Rocket", "promotion": 1, "weight_class": "Light Heavyweight", "dob": "1992-02-06", "wins": 14, "losses": 5, "draws": 0, "no_contests": 0, "dqs": 0}}, {"model": "api.fight", "pk": 1, "fields": {"event": 1, "fighter_red": 2, "fighter_blue": 1, "weight_class": "LHW", "scheduled_rounds": 5, "title_fight": true, "winner": 1, "method": "KO", "round": 1}}, {"model": "api.fight", "pk": 2, "fields": {"event": 1, "fighter_red": 3, "fighter_blue": 4, "weight_class": "SW", "scheduled_rounds": 5, "title_fight": true, "winner": 3, "method": "DEC", "round": 3}}, {"model": "api.fight", "pk": 3, "fields": {"event": 1, "fighter_red": 6, "fighter_blue": 5, "weight_class": "LW", "scheduled_rounds": 5, "title_fight": true, "winner": 6, "method": "KO", "round": 5}}, {"model": "api.fight", "pk": 4, "fields": {"event": 1, "fighter_red": 7, "fighter_blue": 8, "weight_class": "LW", "scheduled_rounds": 3, "title_fight": false, "winner": 8, "method": "DEC-SPLIT", "round": 3}}, {"model": "api.fight", "pk": 5, "fields": {"event": 1, "fighter_red": 9, "fighter_blue": 10, "weight_class": "MW", "scheduled_rounds": 3, "title_fight": false, "winner": 9, "method": "SUB", "round": 2}}, {"model": "api.fight", "pk": 6, "fields": {"event": 1, "fighter_red": 11, "fighter_blue": 12, "weight_class": "LHW", "scheduled_rounds": 3, "title_fight": false, "winner": 11, "method": "TKO", "round": 2}}, {"model": "api.fight", "pk": 7, "fields": {"event": 1, "fighter_red": 14, "fighter_blue": 13, "weight_class": "FW", "scheduled_rounds": 3, "title_fight": false, "winner": 14, "method": "DEC", "round": 3}}, {"model": "api.fight", "pk": 8, "fields": {"event": 1, "fighter_red": 16, "fighter_blue": 15, "weight_class": "BW", "scheduled_rounds": 3, "title_fight": false, "winner": 1, "method": "SUB", "round": 2}}, {"model": "api.fight", "pk": 9, "fields": {"event": 1, "fighter_red": 18, "fighter_blue": 17, "weight_class": "FW", "scheduled_rounds": 3, "title_fight": false, "winner": 18, "method": "TKO", "round": 1}}, {"model": "api.fight", "pk": 10, "fields": {"event": 1, "fighter_red": 19, "fighter_blue": 20, "weight_class": "LW", "scheduled_rounds": 3, "title_fight": false, "winner": 19, "method": "TKO", "round": 2}}, {"model": "api.fight", "pk": 11, "fields": {"event": 1, "fighter_red": 21, "fighter_blue": 22, "weight_class": "SW", "scheduled_rounds": 3, "title_fight": false, "winner": 21, "method": "DEC", "round": 3}}, {"model": "api.fight", "pk": 12, "fields": {"event": 1, "fighter_red": 23, "fighter_blue": 24, "weight_class": "LW", "scheduled_rounds": 3, "title_fight": false, "winner": 23, "method": "DEC", "round": 3}}, {"model": "api.fight", "pk": 13, "fields": {"event": 1, "fighter_red": 25, "fighter_blue": 26, "weight_class": "BW", "scheduled_rounds": 3, "title_fight": false, "winner": 25, "method": "SUB", "round": 2}}, {"model": "api.fight", "pk": 14, "fields": {"event": 1, "fighter_red": 2, "fighter_blue": 1, "weight_class": "LHW", "scheduled_rounds": 5, "title_fight": true, "winner": 1, "method": "KO", "round": 1}}, {"model": "api.fight", "pk": 15, "fields": {"event": 2, "fighter_red": 3, "fighter_blue": 4, "weight_class": "SW", "scheduled_rounds": 5, "title_fight": true, "winner": 3, "method": "DEC", "round": 3}}, {"model": "api.fight", "pk": 16, "fields": {"event": 2, "fighter_red": 6, "fighter_blue": 5, "weight_class": "LW", "scheduled_rounds": 5, "title_fight": true, "winner": 6, "method": "KO", "round": 5}}, {"model": "api.fight", "pk": 17, "fields": {"event": 2, "fighter_red": 7, "fighter_blue": 8, "weight_class": "LW", "scheduled_rounds": 3, "title_fight": false, "winner": 7, "method": "DEC", "round": 3}}, {"model": "api.fight", "pk": 18, "fields": {"event": 2, "fighter_red": 9, "fighter_blue": 10, "weight_class": "MW", "scheduled_rounds": 3, "title_fight": false, "winner": 9, "method": "SUB", "round": 2}}, {"model": "api.fight", "pk": 19, "fields": {"event": 2, "fighter_red": 11, "fighter_blue": 12, "weight_class": "LHW", "scheduled_rounds": 3, "title_fight": false, "winner": 11, "method": "TKO", "round": 2}}, {"model": "api.promotion", "pk": 1, "fields": {"name": "Ultimate Fighting Championship", "country": "United States"}}, {"model": "api.promotion", "pk": 2, "fields": {"name": "Professional Fighters League", "country": "United States"}}, {"model": "api.promotion", "pk": 3, "fields": {"name": "Bellator MMA", "country": "United States"}}, {"model": "api.promotion", "pk": 4, "fields": {"name": "ONE Championship", "country": "United States"}}, {"model": "api.event", "pk": 1, "fields": {"name": "UFC 300: Pereira vs. Hill", "promotion": 1, "country": "United States", "city": "Las Vegas, Nevada", "venue": "T-Mobile Arena", "date": "2024-04-13"}}, {"model": "api.event", "pk": 2, "fields": {"name": "UFC 320: Ankalaev vs. Pereira 2", "promotion": 1, "country": "United States", "city": "Paradise, Nevada", "venue": "T-Mobile Arena", "date": "2025-10-04"}}, {"model": "api.prediction", "pk": 1, "fields": {"user": 1, "fight": 1, "winner": 1, "method": "KO", "round": 1, "date": "2025-09-04"}}, {"model": "api.prediction", "pk": 2, "fields": {"user": 1, "fight": 2, "winner": 3, "method": "TKO", "round": 3, "date": "2025-09-04"}}, {"model": "api.prediction", "pk": 3, "fields": {"user": 1, "fight": 3, "winner": 6, "method": "KO", "round": 4, "date": "2025-09-04"}}, {"model": "api.prediction", "pk": 4, "fields": {"user": 1, "fight": 4, "winner": 7, "method": "DEC-SPLIT", "round": 3, "date": "2025-09-05"}}, {"model": "api.prediction", "pk": 5, "fields": {"user": 1, "fight": 5, "winner": 9, "method": "KO", "round": 2, "date": "2025-09-06"}}, {"model": "api.user", "pk": 1, "fields": {"last_login": null, "is_superuser": false, "first_name": "", "last_name": "", "is_staff": false, "is_active": true, "date_joined": "2025-09-14T16:03:52.155Z", "username": "swashto", "password": "swashtopass", "email": "swashto@gmail.com", "groups": [], "user_permissions": []}}, {"model": "api.user", "pk": 4, "fields": {"last_login": null, "is_superuser": false, "first_name": "", "last_name": "", "is_staff": false, "is_active": true, "date_joined": "2025-09-14T16:03:52.158Z", "username": "mary", "password": "marypass", "email": "mary@gmail.com", "groups": [], "user_permissions": []}}, {"model": "api.user", "pk": 5, "fields": {"last_login": null, "is_superuser": false, "first_name": "", "last_name": "", "is_staff": false, "is_active": true, "date_joined": "2025-09-14T16:03:52.157Z", "username": "craig", "password": "craigpass", "email": "craig@gmail.com", "groups": [], "user_permissions": []}}, {"model": "api.user", "pk": 6, "fields": {"last_login": null, "is_superuser": false, "first_name": "", "last_name": "", "is_staff": false, "is_active": true, "date_joined": "2025-09-14T16:03:52.158Z", "username": "john", "password": "johnpass", "email": "john@gmail.com", "groups": [], "user_permissions": []}}, {"model": "api.user", "pk": 7, "fields": {"last_login": "2025-11-01T21:29:53.419Z", "is_superuser": true, "first_name": "", "last_name": "", "is_staff": true, "is_active": true, "date_joined": "2025-09-14T22:31:57.760Z", "username": "admin", "password": "pbkdf2_sha256$1000000$mkqtH6JxXFmjD5suI2WD7X$crNMCGJOVcB0v5cP57YRJKNFUtHKge+p0Uq2FHDFPdg=", "email": "admin@gmail.com", "groups": [], "user_permissions": []}}, {"model": "api.user", "pk": 9, "fields": {"last_login": "2025-11-01T22:04:10Z", "is_superuser": false, "first_name": "", "last_name": "", "is_staff": false, "is_active": true, "date_joined": "2025-11-01T22:04:09Z", "username": "stevie", "password": "steviepass", "email": "stevie@gmail.com", "groups": [], "user_permissions": []}}, {"model": "api.user", "pk": 10, "fields": {"last_login": null, "is_superuser": false, "first_name": "", "last_name": "", "is_staff": false, "is_active": true, "date_joined": "2025-11-01T22:06:38.341Z", "username": "testuser", "password": "pbkdf2_sha256$1000000$CSQEYxoM7XTqRsFL8lbsYa$F3oZAEB2/ITBc0FSV/MCcKxqeIRs/iyMd/usqfvAnuk=", "email": "testuser@gmail.com", "groups": [], "user_permissions": []}}, {"model": "api.user", "pk": 12, "fields": {"last_login": null, "is_superuser": true, "first_name": "", "last_name": "", "is_staff": true, "is_active": true, "date_joined": "2025-12-29T16:22:50.229Z", "username": "super_swashto", "password": "pbkdf2_sha256$1200000$CZB24KIOaxhVAb6lSw8v1e$0rwOQf0XTeROXUiTCgPtVX6GaEsDLF5aCrjTA6AfWvE=", "email": "stephen.swashtonburry@gmail.com", "groups": [], "user_permissions": []}}]
